site,treatment,plot,co2,temperature_offset_C,year,model_var,obs,obs_err,units,source_variable,source_components,source_file,pft_group,pft_indices,anpp_tree,anpp_shrub,npp_sphagnum,bnpp_tree_shrub,rhco2,notes
US-SPR,TAMB,P07,Amb,0,2016,NPP,213.5,32.025,gC m-2 y-1,total_npp,ANPP Tree (~48%C)+ANPP Shrub (~50%C)+NPP Sphag.+BNPP Tree & Shrub,SPRUCE C Budget Summary 19JAN2025_natalie.xlsx,,,54.6,56.4,93.1,9.4,-369.9,"sum of tree ANPP, shrub ANPP, sphagnum NPP, and tree/shrub BNPP"
US-SPR,TAMB,P07,Amb,0,2016,AGNPP_pftgroup_tree,54.6,8.19,gC m-2 y-1,ANPP Tree (~48%C),ANPP Tree (~48%C),SPRUCE C Budget Summary 19JAN2025_natalie.xlsx,tree,"3,5",54.6,56.4,93.1,9.4,-369.9,measured tree aboveground NPP
US-SPR,TAMB,P07,Amb,0,2016,AGNPP_pftgroup_shrub,56.4,8.46,gC m-2 y-1,ANPP Shrub (~50%C),ANPP Shrub (~50%C),SPRUCE C Budget Summary 19JAN2025_natalie.xlsx,shrub,14,54.6,56.4,93.1,9.4,-369.9,measured shrub aboveground NPP
US-SPR,TAMB,P07,Amb,0,2016,BGNPP_pftgroup_woody,9.4,1.41,gC m-2 y-1,BNPP Tree & Shrub,BNPP Tree & Shrub,SPRUCE C Budget Summary 19JAN2025_natalie.xlsx,woody,"3,5,14",54.6,56.4,93.1,9.4,-369.9,measured combined tree and shrub belowground NPP
US-SPR,TAMB,P07,Amb,0,2016,NPP_pftgroup_moss,93.1,13.965,gC m-2 y-1,NPP Sphag.,NPP Sphag.,SPRUCE C Budget Summary 19JAN2025_natalie.xlsx,moss,18,54.6,56.4,93.1,9.4,-369.9,measured sphagnum NPP
US-SPR,TAMB,P07,Amb,0,2016,HR,369.9,55.485,gC m-2 y-1,RHCO2,RHCO2,SPRUCE C Budget Summary 19JAN2025_natalie.xlsx,,,54.6,56.4,93.1,9.4,-369.9,RHCO2 sign flipped so positive values match model HR
US-SPR,T0.00,P06,0,0,2016,NPP,274.8,41.22,gC m-2 y-1,total_npp,ANPP Tree (~48%C)+ANPP Shrub (~50%C)+NPP Sphag.+BNPP Tree & Shrub,SPRUCE C Budget Summary 19JAN2025_natalie.xlsx,,,45.9,55.3,110.1,63.5,-352.7,"sum of tree ANPP, shrub ANPP, sphagnum NPP, and tree/shrub BNPP"
US-SPR,T0.00,P06,0,0,2016,AGNPP_pftgroup_tree,45.9,6.885,gC m-2 y-1,ANPP Tree (~48%C),ANPP Tree (~48%C),SPRUCE C Budget Summary 19JAN2025_natalie.xlsx,tree,"3,5",45.9,55.3,110.1,63.5,-352.7,measured tree aboveground NPP
US-SPR,T0.00,P06,0,0,2016,AGNPP_pftgroup_shrub,55.3,8.295,gC m-2 y-1,ANPP Shrub (~50%C),ANPP Shrub (~50%C),SPRUCE C Budget Summary 19JAN2025_natalie.xlsx,shrub,14,45.9,55.3,110.1,63.5,-352.7,measured shrub aboveground NPP
US-SPR,T0.00,P06,0,0,2016,BGNPP_pftgroup_woody,63.5,9.525,gC m-2 y-1,BNPP Tree & Shrub,BNPP Tree & Shrub,SPRUCE C Budget Summary 19JAN2025_natalie.xlsx,woody,"3,5,14",45.9,55.3,110.1,63.5,-352.7,measured combined tree and shrub belowground NPP
US-SPR,T0.00,P06,0,0,2016,NPP_pftgroup_moss,110.1,16.515,gC m-2 y-1,NPP Sphag.,NPP Sphag.,SPRUCE C Budget Summary 19JAN2025_natalie.xlsx,moss,18,45.9,55.3,110.1,63.5,-352.7,measured sphagnum NPP
US-SPR,T0.00,P06,0,0,2016,HR,352.7,52.905,gC m-2 y-1,RHCO2,RHCO2,SPRUCE C Budget Summary 19JAN2025_natalie.xlsx,,,45.9,55.3,110.1,63.5,-352.7,RHCO2 sign flipped so positive values match model HR
US-SPR,T2.25,P20,0,2.25,2016,NPP,476.7,71.505,gC m-2 y-1,total_npp,ANPP Tree (~48%C)+ANPP Shrub (~50%C)+NPP Sphag.+BNPP Tree & Shrub,SPRUCE C Budget Summary 19JAN2025_natalie.xlsx,,,146.3,131.4,91.4,107.6,-439.5,"sum of tree ANPP, shrub ANPP, sphagnum NPP, and tree/shrub BNPP"
US-SPR,T2.25,P20,0,2.25,2016,AGNPP_pftgroup_tree,146.3,21.945,gC m-2 y-1,ANPP Tree (~48%C),ANPP Tree (~48%C),SPRUCE C Budget Summary 19JAN2025_natalie.xlsx,tree,"3,5",146.3,131.4,91.4,107.6,-439.5,measured tree aboveground NPP
US-SPR,T2.25,P20,0,2.25,2016,AGNPP_pftgroup_shrub,131.4,19.71,gC m-2 y-1,ANPP Shrub (~50%C),ANPP Shrub (~50%C),SPRUCE C Budget Summary 19JAN2025_natalie.xlsx,shrub,14,146.3,131.4,91.4,107.6,-439.5,measured shrub aboveground NPP
US-SPR,T2.25,P20,0,2.25,2016,BGNPP_pftgroup_woody,107.6,16.14,gC m-2 y-1,BNPP Tree & Shrub,BNPP Tree & Shrub,SPRUCE C Budget Summary 19JAN2025_natalie.xlsx,woody,"3,5,14",146.3,131.4,91.4,107.6,-439.5,measured combined tree and shrub belowground NPP
US-SPR,T2.25,P20,0,2.25,2016,NPP_pftgroup_moss,91.4,13.71,gC m-2 y-1,NPP Sphag.,NPP Sphag.,SPRUCE C Budget Summary 19JAN2025_natalie.xlsx,moss,18,146.3,131.4,91.4,107.6,-439.5,measured sphagnum NPP
US-SPR,T2.25,P20,0,2.25,2016,HR,439.5,65.925,gC m-2 y-1,RHCO2,RHCO2,SPRUCE C Budget Summary 19JAN2025_natalie.xlsx,,,146.3,131.4,91.4,107.6,-439.5,RHCO2 sign flipped so positive values match model HR
US-SPR,T4.50,P13,0,4.5,2016,NPP,342.9,51.435,gC m-2 y-1,total_npp,ANPP Tree (~48%C)+ANPP Shrub (~50%C)+NPP Sphag.+BNPP Tree & Shrub,SPRUCE C Budget Summary 19JAN2025_natalie.xlsx,,,51.9,84.8,117.8,88.4,-453.3,"sum of tree ANPP, shrub ANPP, sphagnum NPP, and tree/shrub BNPP"
US-SPR,T4.50,P13,0,4.5,2016,AGNPP_pftgroup_tree,51.9,7.785,gC m-2 y-1,ANPP Tree (~48%C),ANPP Tree (~48%C),SPRUCE C Budget Summary 19JAN2025_natalie.xlsx,tree,"3,5",51.9,84.8,117.8,88.4,-453.3,measured tree aboveground NPP
US-SPR,T4.50,P13,0,4.5,2016,AGNPP_pftgroup_shrub,84.8,12.72,gC m-2 y-1,ANPP Shrub (~50%C),ANPP Shrub (~50%C),SPRUCE C Budget Summary 19JAN2025_natalie.xlsx,shrub,14,51.9,84.8,117.8,88.4,-453.3,measured shrub aboveground NPP
US-SPR,T4.50,P13,0,4.5,2016,BGNPP_pftgroup_woody,88.4,13.26,gC m-2 y-1,BNPP Tree & Shrub,BNPP Tree & Shrub,SPRUCE C Budget Summary 19JAN2025_natalie.xlsx,woody,"3,5,14",51.9,84.8,117.8,88.4,-453.3,measured combined tree and shrub belowground NPP
US-SPR,T4.50,P13,0,4.5,2016,NPP_pftgroup_moss,117.8,17.67,gC m-2 y-1,NPP Sphag.,NPP Sphag.,SPRUCE C Budget Summary 19JAN2025_natalie.xlsx,moss,18,51.9,84.8,117.8,88.4,-453.3,measured sphagnum NPP
US-SPR,T4.50,P13,0,4.5,2016,HR,453.3,67.995,gC m-2 y-1,RHCO2,RHCO2,SPRUCE C Budget Summary 19JAN2025_natalie.xlsx,,,51.9,84.8,117.8,88.4,-453.3,RHCO2 sign flipped so positive values match model HR
US-SPR,T6.75,P08,0,6.75,2016,NPP,403.2,60.48,gC m-2 y-1,total_npp,ANPP Tree (~48%C)+ANPP Shrub (~50%C)+NPP Sphag.+BNPP Tree & Shrub,SPRUCE C Budget Summary 19JAN2025_natalie.xlsx,,,73.2,116.9,107.6,105.5,-505.1,"sum of tree ANPP, shrub ANPP, sphagnum NPP, and tree/shrub BNPP"
US-SPR,T6.75,P08,0,6.75,2016,AGNPP_pftgroup_tree,73.2,10.98,gC m-2 y-1,ANPP Tree (~48%C),ANPP Tree (~48%C),SPRUCE C Budget Summary 19JAN2025_natalie.xlsx,tree,"3,5",73.2,116.9,107.6,105.5,-505.1,measured tree aboveground NPP
US-SPR,T6.75,P08,0,6.75,2016,AGNPP_pftgroup_shrub,116.9,17.535,gC m-2 y-1,ANPP Shrub (~50%C),ANPP Shrub (~50%C),SPRUCE C Budget Summary 19JAN2025_natalie.xlsx,shrub,14,73.2,116.9,107.6,105.5,-505.1,measured shrub aboveground NPP
US-SPR,T6.75,P08,0,6.75,2016,BGNPP_pftgroup_woody,105.5,15.825,gC m-2 y-1,BNPP Tree & Shrub,BNPP Tree & Shrub,SPRUCE C Budget Summary 19JAN2025_natalie.xlsx,woody,"3,5,14",73.2,116.9,107.6,105.5,-505.1,measured combined tree and shrub belowground NPP
US-SPR,T6.75,P08,0,6.75,2016,NPP_pftgroup_moss,107.6,16.14,gC m-2 y-1,NPP Sphag.,NPP Sphag.,SPRUCE C Budget Summary 19JAN2025_natalie.xlsx,moss,18,73.2,116.9,107.6,105.5,-505.1,measured sphagnum NPP
US-SPR,T6.75,P08,0,6.75,2016,HR,505.1,75.765,gC m-2 y-1,RHCO2,RHCO2,SPRUCE C Budget Summary 19JAN2025_natalie.xlsx,,,73.2,116.9,107.6,105.5,-505.1,RHCO2 sign flipped so positive values match model HR
US-SPR,T9.00,P17,0,9,2016,NPP,357.3,53.595,gC m-2 y-1,total_npp,ANPP Tree (~48%C)+ANPP Shrub (~50%C)+NPP Sphag.+BNPP Tree & Shrub,SPRUCE C Budget Summary 19JAN2025_natalie.xlsx,,,57.4,153.7,111.8,34.4,-503.3,"sum of tree ANPP, shrub ANPP, sphagnum NPP, and tree/shrub BNPP"
US-SPR,T9.00,P17,0,9,2016,AGNPP_pftgroup_tree,57.4,8.61,gC m-2 y-1,ANPP Tree (~48%C),ANPP Tree (~48%C),SPRUCE C Budget Summary 19JAN2025_natalie.xlsx,tree,"3,5",57.4,153.7,111.8,34.4,-503.3,measured tree aboveground NPP
US-SPR,T9.00,P17,0,9,2016,AGNPP_pftgroup_shrub,153.7,23.055,gC m-2 y-1,ANPP Shrub (~50%C),ANPP Shrub (~50%C),SPRUCE C Budget Summary 19JAN2025_natalie.xlsx,shrub,14,57.4,153.7,111.8,34.4,-503.3,measured shrub aboveground NPP
US-SPR,T9.00,P17,0,9,2016,BGNPP_pftgroup_woody,34.4,5.16,gC m-2 y-1,BNPP Tree & Shrub,BNPP Tree & Shrub,SPRUCE C Budget Summary 19JAN2025_natalie.xlsx,woody,"3,5,14",57.4,153.7,111.8,34.4,-503.3,measured combined tree and shrub belowground NPP
US-SPR,T9.00,P17,0,9,2016,NPP_pftgroup_moss,111.8,16.77,gC m-2 y-1,NPP Sphag.,NPP Sphag.,SPRUCE C Budget Summary 19JAN2025_natalie.xlsx,moss,18,57.4,153.7,111.8,34.4,-503.3,measured sphagnum NPP
US-SPR,T9.00,P17,0,9,2016,HR,503.3,75.495,gC m-2 y-1,RHCO2,RHCO2,SPRUCE C Budget Summary 19JAN2025_natalie.xlsx,,,57.4,153.7,111.8,34.4,-503.3,RHCO2 sign flipped so positive values match model HR
US-SPR,TAMB,P07,Amb,0,2017,NPP,293.3,43.995,gC m-2 y-1,total_npp,ANPP Tree (~48%C)+ANPP Shrub (~50%C)+NPP Sphag.+BNPP Tree & Shrub,SPRUCE C Budget Summary 19JAN2025_natalie.xlsx,,,81.2,77,124.4,10.7,-352,"sum of tree ANPP, shrub ANPP, sphagnum NPP, and tree/shrub BNPP"
US-SPR,TAMB,P07,Amb,0,2017,AGNPP_pftgroup_tree,81.2,12.18,gC m-2 y-1,ANPP Tree (~48%C),ANPP Tree (~48%C),SPRUCE C Budget Summary 19JAN2025_natalie.xlsx,tree,"3,5",81.2,77,124.4,10.7,-352,measured tree aboveground NPP
US-SPR,TAMB,P07,Amb,0,2017,AGNPP_pftgroup_shrub,77,11.55,gC m-2 y-1,ANPP Shrub (~50%C),ANPP Shrub (~50%C),SPRUCE C Budget Summary 19JAN2025_natalie.xlsx,shrub,14,81.2,77,124.4,10.7,-352,measured shrub aboveground NPP
US-SPR,TAMB,P07,Amb,0,2017,BGNPP_pftgroup_woody,10.7,1.605,gC m-2 y-1,BNPP Tree & Shrub,BNPP Tree & Shrub,SPRUCE C Budget Summary 19JAN2025_natalie.xlsx,woody,"3,5,14",81.2,77,124.4,10.7,-352,measured combined tree and shrub belowground NPP
US-SPR,TAMB,P07,Amb,0,2017,NPP_pftgroup_moss,124.4,18.66,gC m-2 y-1,NPP Sphag.,NPP Sphag.,SPRUCE C Budget Summary 19JAN2025_natalie.xlsx,moss,18,81.2,77,124.4,10.7,-352,measured sphagnum NPP
US-SPR,TAMB,P07,Amb,0,2017,HR,352,52.8,gC m-2 y-1,RHCO2,RHCO2,SPRUCE C Budget Summary 19JAN2025_natalie.xlsx,,,81.2,77,124.4,10.7,-352,RHCO2 sign flipped so positive values match model HR
US-SPR,T0.00,P06,0,0,2017,NPP,374.7,56.205,gC m-2 y-1,total_npp,ANPP Tree (~48%C)+ANPP Shrub (~50%C)+NPP Sphag.+BNPP Tree & Shrub,SPRUCE C Budget Summary 19JAN2025_natalie.xlsx,,,58.5,142.5,101.8,71.9,-322.1,"sum of tree ANPP, shrub ANPP, sphagnum NPP, and tree/shrub BNPP"
US-SPR,T0.00,P06,0,0,2017,AGNPP_pftgroup_tree,58.5,8.775,gC m-2 y-1,ANPP Tree (~48%C),ANPP Tree (~48%C),SPRUCE C Budget Summary 19JAN2025_natalie.xlsx,tree,"3,5",58.5,142.5,101.8,71.9,-322.1,measured tree aboveground NPP
US-SPR,T0.00,P06,0,0,2017,AGNPP_pftgroup_shrub,142.5,21.375,gC m-2 y-1,ANPP Shrub (~50%C),ANPP Shrub (~50%C),SPRUCE C Budget Summary 19JAN2025_natalie.xlsx,shrub,14,58.5,142.5,101.8,71.9,-322.1,measured shrub aboveground NPP
US-SPR,T0.00,P06,0,0,2017,BGNPP_pftgroup_woody,71.9,10.785,gC m-2 y-1,BNPP Tree & Shrub,BNPP Tree & Shrub,SPRUCE C Budget Summary 19JAN2025_natalie.xlsx,woody,"3,5,14",58.5,142.5,101.8,71.9,-322.1,measured combined tree and shrub belowground NPP
US-SPR,T0.00,P06,0,0,2017,NPP_pftgroup_moss,101.8,15.27,gC m-2 y-1,NPP Sphag.,NPP Sphag.,SPRUCE C Budget Summary 19JAN2025_natalie.xlsx,moss,18,58.5,142.5,101.8,71.9,-322.1,measured sphagnum NPP
US-SPR,T0.00,P06,0,0,2017,HR,322.1,48.315,gC m-2 y-1,RHCO2,RHCO2,SPRUCE C Budget Summary 19JAN2025_natalie.xlsx,,,58.5,142.5,101.8,71.9,-322.1,RHCO2 sign flipped so positive values match model HR
US-SPR,T2.25,P20,0,2.25,2017,NPP,456.4,68.46,gC m-2 y-1,total_npp,ANPP Tree (~48%C)+ANPP Shrub (~50%C)+NPP Sphag.+BNPP Tree & Shrub,SPRUCE C Budget Summary 19JAN2025_natalie.xlsx,,,173,90.2,119.6,73.6,-411.4,"sum of tree ANPP, shrub ANPP, sphagnum NPP, and tree/shrub BNPP"
US-SPR,T2.25,P20,0,2.25,2017,AGNPP_pftgroup_tree,173,25.95,gC m-2 y-1,ANPP Tree (~48%C),ANPP Tree (~48%C),SPRUCE C Budget Summary 19JAN2025_natalie.xlsx,tree,"3,5",173,90.2,119.6,73.6,-411.4,measured tree aboveground NPP
US-SPR,T2.25,P20,0,2.25,2017,AGNPP_pftgroup_shrub,90.2,13.53,gC m-2 y-1,ANPP Shrub (~50%C),ANPP Shrub (~50%C),SPRUCE C Budget Summary 19JAN2025_natalie.xlsx,shrub,14,173,90.2,119.6,73.6,-411.4,measured shrub aboveground NPP
US-SPR,T2.25,P20,0,2.25,2017,BGNPP_pftgroup_woody,73.6,11.04,gC m-2 y-1,BNPP Tree & Shrub,BNPP Tree & Shrub,SPRUCE C Budget Summary 19JAN2025_natalie.xlsx,woody,"3,5,14",173,90.2,119.6,73.6,-411.4,measured combined tree and shrub belowground NPP
US-SPR,T2.25,P20,0,2.25,2017,NPP_pftgroup_moss,119.6,17.94,gC m-2 y-1,NPP Sphag.,NPP Sphag.,SPRUCE C Budget Summary 19JAN2025_natalie.xlsx,moss,18,173,90.2,119.6,73.6,-411.4,measured sphagnum NPP
US-SPR,T2.25,P20,0,2.25,2017,HR,411.4,61.71,gC m-2 y-1,RHCO2,RHCO2,SPRUCE C Budget Summary 19JAN2025_natalie.xlsx,,,173,90.2,119.6,73.6,-411.4,RHCO2 sign flipped so positive values match model HR
US-SPR,T4.50,P13,0,4.5,2017,NPP,349.8,52.47,gC m-2 y-1,total_npp,ANPP Tree (~48%C)+ANPP Shrub (~50%C)+NPP Sphag.+BNPP Tree & Shrub,SPRUCE C Budget Summary 19JAN2025_natalie.xlsx,,,57.3,112.8,94,85.7,-397.5,"sum of tree ANPP, shrub ANPP, sphagnum NPP, and tree/shrub BNPP"
US-SPR,T4.50,P13,0,4.5,2017,AGNPP_pftgroup_tree,57.3,8.595,gC m-2 y-1,ANPP Tree (~48%C),ANPP Tree (~48%C),SPRUCE C Budget Summary 19JAN2025_natalie.xlsx,tree,"3,5",57.3,112.8,94,85.7,-397.5,measured tree aboveground NPP
US-SPR,T4.50,P13,0,4.5,2017,AGNPP_pftgroup_shrub,112.8,16.92,gC m-2 y-1,ANPP Shrub (~50%C),ANPP Shrub (~50%C),SPRUCE C Budget Summary 19JAN2025_natalie.xlsx,shrub,14,57.3,112.8,94,85.7,-397.5,measured shrub aboveground NPP
US-SPR,T4.50,P13,0,4.5,2017,BGNPP_pftgroup_woody,85.7,12.855,gC m-2 y-1,BNPP Tree & Shrub,BNPP Tree & Shrub,SPRUCE C Budget Summary 19JAN2025_natalie.xlsx,woody,"3,5,14",57.3,112.8,94,85.7,-397.5,measured combined tree and shrub belowground NPP
US-SPR,T4.50,P13,0,4.5,2017,NPP_pftgroup_moss,94,14.1,gC m-2 y-1,NPP Sphag.,NPP Sphag.,SPRUCE C Budget Summary 19JAN2025_natalie.xlsx,moss,18,57.3,112.8,94,85.7,-397.5,measured sphagnum NPP
US-SPR,T4.50,P13,0,4.5,2017,HR,397.5,59.625,gC m-2 y-1,RHCO2,RHCO2,SPRUCE C Budget Summary 19JAN2025_natalie.xlsx,,,57.3,112.8,94,85.7,-397.5,RHCO2 sign flipped so positive values match model HR
US-SPR,T6.75,P08,0,6.75,2017,NPP,326,48.9,gC m-2 y-1,total_npp,ANPP Tree (~48%C)+ANPP Shrub (~50%C)+NPP Sphag.+BNPP Tree & Shrub,SPRUCE C Budget Summary 19JAN2025_natalie.xlsx,,,90,107.3,53.6,75.1,-479.6,"sum of tree ANPP, shrub ANPP, sphagnum NPP, and tree/shrub BNPP"
US-SPR,T6.75,P08,0,6.75,2017,AGNPP_pftgroup_tree,90,13.5,gC m-2 y-1,ANPP Tree (~48%C),ANPP Tree (~48%C),SPRUCE C Budget Summary 19JAN2025_natalie.xlsx,tree,"3,5",90,107.3,53.6,75.1,-479.6,measured tree aboveground NPP
US-SPR,T6.75,P08,0,6.75,2017,AGNPP_pftgroup_shrub,107.3,16.095,gC m-2 y-1,ANPP Shrub (~50%C),ANPP Shrub (~50%C),SPRUCE C Budget Summary 19JAN2025_natalie.xlsx,shrub,14,90,107.3,53.6,75.1,-479.6,measured shrub aboveground NPP
US-SPR,T6.75,P08,0,6.75,2017,BGNPP_pftgroup_woody,75.1,11.265,gC m-2 y-1,BNPP Tree & Shrub,BNPP Tree & Shrub,SPRUCE C Budget Summary 19JAN2025_natalie.xlsx,woody,"3,5,14",90,107.3,53.6,75.1,-479.6,measured combined tree and shrub belowground NPP
US-SPR,T6.75,P08,0,6.75,2017,NPP_pftgroup_moss,53.6,8.04,gC m-2 y-1,NPP Sphag.,NPP Sphag.,SPRUCE C Budget Summary 19JAN2025_natalie.xlsx,moss,18,90,107.3,53.6,75.1,-479.6,measured sphagnum NPP
US-SPR,T6.75,P08,0,6.75,2017,HR,479.6,71.94,gC m-2 y-1,RHCO2,RHCO2,SPRUCE C Budget Summary 19JAN2025_natalie.xlsx,,,90,107.3,53.6,75.1,-479.6,RHCO2 sign flipped so positive values match model HR
US-SPR,T9.00,P17,0,9,2017,NPP,324.1,48.615,gC m-2 y-1,total_npp,ANPP Tree (~48%C)+ANPP Shrub (~50%C)+NPP Sphag.+BNPP Tree & Shrub,SPRUCE C Budget Summary 19JAN2025_natalie.xlsx,,,33.2,101.8,25.5,163.6,-474.6,"sum of tree ANPP, shrub ANPP, sphagnum NPP, and tree/shrub BNPP"
US-SPR,T9.00,P17,0,9,2017,AGNPP_pftgroup_tree,33.2,4.98,gC m-2 y-1,ANPP Tree (~48%C),ANPP Tree (~48%C),SPRUCE C Budget Summary 19JAN2025_natalie.xlsx,tree,"3,5",33.2,101.8,25.5,163.6,-474.6,measured tree aboveground NPP
US-SPR,T9.00,P17,0,9,2017,AGNPP_pftgroup_shrub,101.8,15.27,gC m-2 y-1,ANPP Shrub (~50%C),ANPP Shrub (~50%C),SPRUCE C Budget Summary 19JAN2025_natalie.xlsx,shrub,14,33.2,101.8,25.5,163.6,-474.6,measured shrub aboveground NPP
US-SPR,T9.00,P17,0,9,2017,BGNPP_pftgroup_woody,163.6,24.54,gC m-2 y-1,BNPP Tree & Shrub,BNPP Tree & Shrub,SPRUCE C Budget Summary 19JAN2025_natalie.xlsx,woody,"3,5,14",33.2,101.8,25.5,163.6,-474.6,measured combined tree and shrub belowground NPP
US-SPR,T9.00,P17,0,9,2017,NPP_pftgroup_moss,25.5,3.825,gC m-2 y-1,NPP Sphag.,NPP Sphag.,SPRUCE C Budget Summary 19JAN2025_natalie.xlsx,moss,18,33.2,101.8,25.5,163.6,-474.6,measured sphagnum NPP
US-SPR,T9.00,P17,0,9,2017,HR,474.6,71.19,gC m-2 y-1,RHCO2,RHCO2,SPRUCE C Budget Summary 19JAN2025_natalie.xlsx,,,33.2,101.8,25.5,163.6,-474.6,RHCO2 sign flipped so positive values match model HR
US-SPR,TAMB,P07,Amb,0,2018,NPP,309.65,46.4475,gC m-2 y-1,total_npp,ANPP Tree (~48%C)+ANPP Shrub (~50%C)+NPP Sphag.+BNPP Tree & Shrub,SPRUCE C Budget Summary 19JAN2025_natalie.xlsx,,,68.2,91.4,140,10.05,-356.9,"sum of tree ANPP, shrub ANPP, sphagnum NPP, and tree/shrub BNPP"
US-SPR,TAMB,P07,Amb,0,2018,AGNPP_pftgroup_tree,68.2,10.23,gC m-2 y-1,ANPP Tree (~48%C),ANPP Tree (~48%C),SPRUCE C Budget Summary 19JAN2025_natalie.xlsx,tree,"3,5",68.2,91.4,140,10.05,-356.9,measured tree aboveground NPP
US-SPR,TAMB,P07,Amb,0,2018,AGNPP_pftgroup_shrub,91.4,13.71,gC m-2 y-1,ANPP Shrub (~50%C),ANPP Shrub (~50%C),SPRUCE C Budget Summary 19JAN2025_natalie.xlsx,shrub,14,68.2,91.4,140,10.05,-356.9,measured shrub aboveground NPP
US-SPR,TAMB,P07,Amb,0,2018,BGNPP_pftgroup_woody,10.05,1.5075,gC m-2 y-1,BNPP Tree & Shrub,BNPP Tree & Shrub,SPRUCE C Budget Summary 19JAN2025_natalie.xlsx,woody,"3,5,14",68.2,91.4,140,10.05,-356.9,measured combined tree and shrub belowground NPP
US-SPR,TAMB,P07,Amb,0,2018,NPP_pftgroup_moss,140,21,gC m-2 y-1,NPP Sphag.,NPP Sphag.,SPRUCE C Budget Summary 19JAN2025_natalie.xlsx,moss,18,68.2,91.4,140,10.05,-356.9,measured sphagnum NPP
US-SPR,TAMB,P07,Amb,0,2018,HR,356.9,53.535,gC m-2 y-1,RHCO2,RHCO2,SPRUCE C Budget Summary 19JAN2025_natalie.xlsx,,,68.2,91.4,140,10.05,-356.9,RHCO2 sign flipped so positive values match model HR
US-SPR,T0.00,P06,0,0,2018,NPP,417.6,62.64,gC m-2 y-1,total_npp,ANPP Tree (~48%C)+ANPP Shrub (~50%C)+NPP Sphag.+BNPP Tree & Shrub,SPRUCE C Budget Summary 19JAN2025_natalie.xlsx,,,47.8,97.6,204.5,67.7,-324.1,"sum of tree ANPP, shrub ANPP, sphagnum NPP, and tree/shrub BNPP"
US-SPR,T0.00,P06,0,0,2018,AGNPP_pftgroup_tree,47.8,7.17,gC m-2 y-1,ANPP Tree (~48%C),ANPP Tree (~48%C),SPRUCE C Budget Summary 19JAN2025_natalie.xlsx,tree,"3,5",47.8,97.6,204.5,67.7,-324.1,measured tree aboveground NPP
US-SPR,T0.00,P06,0,0,2018,AGNPP_pftgroup_shrub,97.6,14.64,gC m-2 y-1,ANPP Shrub (~50%C),ANPP Shrub (~50%C),SPRUCE C Budget Summary 19JAN2025_natalie.xlsx,shrub,14,47.8,97.6,204.5,67.7,-324.1,measured shrub aboveground NPP
US-SPR,T0.00,P06,0,0,2018,BGNPP_pftgroup_woody,67.7,10.155,gC m-2 y-1,BNPP Tree & Shrub,BNPP Tree & Shrub,SPRUCE C Budget Summary 19JAN2025_natalie.xlsx,woody,"3,5,14",47.8,97.6,204.5,67.7,-324.1,measured combined tree and shrub belowground NPP
US-SPR,T0.00,P06,0,0,2018,NPP_pftgroup_moss,204.5,30.675,gC m-2 y-1,NPP Sphag.,NPP Sphag.,SPRUCE C Budget Summary 19JAN2025_natalie.xlsx,moss,18,47.8,97.6,204.5,67.7,-324.1,measured sphagnum NPP
US-SPR,T0.00,P06,0,0,2018,HR,324.1,48.615,gC m-2 y-1,RHCO2,RHCO2,SPRUCE C Budget Summary 19JAN2025_natalie.xlsx,,,47.8,97.6,204.5,67.7,-324.1,RHCO2 sign flipped so positive values match model HR
US-SPR,T2.25,P20,0,2.25,2018,NPP,499.2,74.88,gC m-2 y-1,total_npp,ANPP Tree (~48%C)+ANPP Shrub (~50%C)+NPP Sphag.+BNPP Tree & Shrub,SPRUCE C Budget Summary 19JAN2025_natalie.xlsx,,,158.5,59.2,190.9,90.6,-386.9,"sum of tree ANPP, shrub ANPP, sphagnum NPP, and tree/shrub BNPP"
US-SPR,T2.25,P20,0,2.25,2018,AGNPP_pftgroup_tree,158.5,23.775,gC m-2 y-1,ANPP Tree (~48%C),ANPP Tree (~48%C),SPRUCE C Budget Summary 19JAN2025_natalie.xlsx,tree,"3,5",158.5,59.2,190.9,90.6,-386.9,measured tree aboveground NPP
US-SPR,T2.25,P20,0,2.25,2018,AGNPP_pftgroup_shrub,59.2,8.88,gC m-2 y-1,ANPP Shrub (~50%C),ANPP Shrub (~50%C),SPRUCE C Budget Summary 19JAN2025_natalie.xlsx,shrub,14,158.5,59.2,190.9,90.6,-386.9,measured shrub aboveground NPP
US-SPR,T2.25,P20,0,2.25,2018,BGNPP_pftgroup_woody,90.6,13.59,gC m-2 y-1,BNPP Tree & Shrub,BNPP Tree & Shrub,SPRUCE C Budget Summary 19JAN2025_natalie.xlsx,woody,"3,5,14",158.5,59.2,190.9,90.6,-386.9,measured combined tree and shrub belowground NPP
US-SPR,T2.25,P20,0,2.25,2018,NPP_pftgroup_moss,190.9,28.635,gC m-2 y-1,NPP Sphag.,NPP Sphag.,SPRUCE C Budget Summary 19JAN2025_natalie.xlsx,moss,18,158.5,59.2,190.9,90.6,-386.9,measured sphagnum NPP
US-SPR,T2.25,P20,0,2.25,2018,HR,386.9,58.035,gC m-2 y-1,RHCO2,RHCO2,SPRUCE C Budget Summary 19JAN2025_natalie.xlsx,,,158.5,59.2,190.9,90.6,-386.9,RHCO2 sign flipped so positive values match model HR
US-SPR,T4.50,P13,0,4.5,2018,NPP,344.15,51.6225,gC m-2 y-1,total_npp,ANPP Tree (~48%C)+ANPP Shrub (~50%C)+NPP Sphag.+BNPP Tree & Shrub,SPRUCE C Budget Summary 19JAN2025_natalie.xlsx,,,67.1,105.4,84.6,87.05,-390.6,"sum of tree ANPP, shrub ANPP, sphagnum NPP, and tree/shrub BNPP"
US-SPR,T4.50,P13,0,4.5,2018,AGNPP_pftgroup_tree,67.1,10.065,gC m-2 y-1,ANPP Tree (~48%C),ANPP Tree (~48%C),SPRUCE C Budget Summary 19JAN2025_natalie.xlsx,tree,"3,5",67.1,105.4,84.6,87.05,-390.6,measured tree aboveground NPP
US-SPR,T4.50,P13,0,4.5,2018,AGNPP_pftgroup_shrub,105.4,15.81,gC m-2 y-1,ANPP Shrub (~50%C),ANPP Shrub (~50%C),SPRUCE C Budget Summary 19JAN2025_natalie.xlsx,shrub,14,67.1,105.4,84.6,87.05,-390.6,measured shrub aboveground NPP
US-SPR,T4.50,P13,0,4.5,2018,BGNPP_pftgroup_woody,87.05,13.0575,gC m-2 y-1,BNPP Tree & Shrub,BNPP Tree & Shrub,SPRUCE C Budget Summary 19JAN2025_natalie.xlsx,woody,"3,5,14",67.1,105.4,84.6,87.05,-390.6,measured combined tree and shrub belowground NPP
US-SPR,T4.50,P13,0,4.5,2018,NPP_pftgroup_moss,84.6,12.69,gC m-2 y-1,NPP Sphag.,NPP Sphag.,SPRUCE C Budget Summary 19JAN2025_natalie.xlsx,moss,18,67.1,105.4,84.6,87.05,-390.6,measured sphagnum NPP
US-SPR,T4.50,P13,0,4.5,2018,HR,390.6,58.59,gC m-2 y-1,RHCO2,RHCO2,SPRUCE C Budget Summary 19JAN2025_natalie.xlsx,,,67.1,105.4,84.6,87.05,-390.6,RHCO2 sign flipped so positive values match model HR
US-SPR,T6.75,P08,0,6.75,2018,NPP,387.6,58.14,gC m-2 y-1,total_npp,ANPP Tree (~48%C)+ANPP Shrub (~50%C)+NPP Sphag.+BNPP Tree & Shrub,SPRUCE C Budget Summary 19JAN2025_natalie.xlsx,,,83.6,171.2,42.5,90.3,-471.7,"sum of tree ANPP, shrub ANPP, sphagnum NPP, and tree/shrub BNPP"
US-SPR,T6.75,P08,0,6.75,2018,AGNPP_pftgroup_tree,83.6,12.54,gC m-2 y-1,ANPP Tree (~48%C),ANPP Tree (~48%C),SPRUCE C Budget Summary 19JAN2025_natalie.xlsx,tree,"3,5",83.6,171.2,42.5,90.3,-471.7,measured tree aboveground NPP
US-SPR,T6.75,P08,0,6.75,2018,AGNPP_pftgroup_shrub,171.2,25.68,gC m-2 y-1,ANPP Shrub (~50%C),ANPP Shrub (~50%C),SPRUCE C Budget Summary 19JAN2025_natalie.xlsx,shrub,14,83.6,171.2,42.5,90.3,-471.7,measured shrub aboveground NPP
US-SPR,T6.75,P08,0,6.75,2018,BGNPP_pftgroup_woody,90.3,13.545,gC m-2 y-1,BNPP Tree & Shrub,BNPP Tree & Shrub,SPRUCE C Budget Summary 19JAN2025_natalie.xlsx,woody,"3,5,14",83.6,171.2,42.5,90.3,-471.7,measured combined tree and shrub belowground NPP
US-SPR,T6.75,P08,0,6.75,2018,NPP_pftgroup_moss,42.5,6.375,gC m-2 y-1,NPP Sphag.,NPP Sphag.,SPRUCE C Budget Summary 19JAN2025_natalie.xlsx,moss,18,83.6,171.2,42.5,90.3,-471.7,measured sphagnum NPP
US-SPR,T6.75,P08,0,6.75,2018,HR,471.7,70.755,gC m-2 y-1,RHCO2,RHCO2,SPRUCE C Budget Summary 19JAN2025_natalie.xlsx,,,83.6,171.2,42.5,90.3,-471.7,RHCO2 sign flipped so positive values match model HR
US-SPR,T9.00,P17,0,9,2018,NPP,264.2,39.63,gC m-2 y-1,total_npp,ANPP Tree (~48%C)+ANPP Shrub (~50%C)+NPP Sphag.+BNPP Tree & Shrub,SPRUCE C Budget Summary 19JAN2025_natalie.xlsx,,,48.6,103.4,13.2,99,-467.4,"sum of tree ANPP, shrub ANPP, sphagnum NPP, and tree/shrub BNPP"
US-SPR,T9.00,P17,0,9,2018,AGNPP_pftgroup_tree,48.6,7.29,gC m-2 y-1,ANPP Tree (~48%C),ANPP Tree (~48%C),SPRUCE C Budget Summary 19JAN2025_natalie.xlsx,tree,"3,5",48.6,103.4,13.2,99,-467.4,measured tree aboveground NPP
US-SPR,T9.00,P17,0,9,2018,AGNPP_pftgroup_shrub,103.4,15.51,gC m-2 y-1,ANPP Shrub (~50%C),ANPP Shrub (~50%C),SPRUCE C Budget Summary 19JAN2025_natalie.xlsx,shrub,14,48.6,103.4,13.2,99,-467.4,measured shrub aboveground NPP
US-SPR,T9.00,P17,0,9,2018,BGNPP_pftgroup_woody,99,14.85,gC m-2 y-1,BNPP Tree & Shrub,BNPP Tree & Shrub,SPRUCE C Budget Summary 19JAN2025_natalie.xlsx,woody,"3,5,14",48.6,103.4,13.2,99,-467.4,measured combined tree and shrub belowground NPP
US-SPR,T9.00,P17,0,9,2018,NPP_pftgroup_moss,13.2,1.98,gC m-2 y-1,NPP Sphag.,NPP Sphag.,SPRUCE C Budget Summary 19JAN2025_natalie.xlsx,moss,18,48.6,103.4,13.2,99,-467.4,measured sphagnum NPP
US-SPR,T9.00,P17,0,9,2018,HR,467.4,70.11,gC m-2 y-1,RHCO2,RHCO2,SPRUCE C Budget Summary 19JAN2025_natalie.xlsx,,,48.6,103.4,13.2,99,-467.4,RHCO2 sign flipped so positive values match model HR
US-SPR,TAMB,P07,Amb,0,2019,NPP,320.386,48.0579,gC m-2 y-1,total_npp,ANPP Tree (~48%C)+ANPP Shrub (~50%C)+NPP Sphag.+BNPP Tree & Shrub,SPRUCE C Budget Summary 19JAN2025_natalie.xlsx,,,85.1,84.9108,140,10.375,-305.881,"sum of tree ANPP, shrub ANPP, sphagnum NPP, and tree/shrub BNPP"
US-SPR,TAMB,P07,Amb,0,2019,AGNPP_pftgroup_tree,85.1,12.765,gC m-2 y-1,ANPP Tree (~48%C),ANPP Tree (~48%C),SPRUCE C Budget Summary 19JAN2025_natalie.xlsx,tree,"3,5",85.1,84.9108,140,10.375,-305.881,measured tree aboveground NPP
US-SPR,TAMB,P07,Amb,0,2019,AGNPP_pftgroup_shrub,84.9108,12.7366,gC m-2 y-1,ANPP Shrub (~50%C),ANPP Shrub (~50%C),SPRUCE C Budget Summary 19JAN2025_natalie.xlsx,shrub,14,85.1,84.9108,140,10.375,-305.881,measured shrub aboveground NPP
US-SPR,TAMB,P07,Amb,0,2019,BGNPP_pftgroup_woody,10.375,1.55625,gC m-2 y-1,BNPP Tree & Shrub,BNPP Tree & Shrub,SPRUCE C Budget Summary 19JAN2025_natalie.xlsx,woody,"3,5,14",85.1,84.9108,140,10.375,-305.881,measured combined tree and shrub belowground NPP
US-SPR,TAMB,P07,Amb,0,2019,NPP_pftgroup_moss,140,21,gC m-2 y-1,NPP Sphag.,NPP Sphag.,SPRUCE C Budget Summary 19JAN2025_natalie.xlsx,moss,18,85.1,84.9108,140,10.375,-305.881,measured sphagnum NPP
US-SPR,TAMB,P07,Amb,0,2019,HR,305.881,45.8822,gC m-2 y-1,RHCO2,RHCO2,SPRUCE C Budget Summary 19JAN2025_natalie.xlsx,,,85.1,84.9108,140,10.375,-305.881,RHCO2 sign flipped so positive values match model HR
US-SPR,T0.00,P06,0,0,2019,NPP,365.599,54.8398,gC m-2 y-1,total_npp,ANPP Tree (~48%C)+ANPP Shrub (~50%C)+NPP Sphag.+BNPP Tree & Shrub,SPRUCE C Budget Summary 19JAN2025_natalie.xlsx,,,53.2,44.4987,198.1,69.8,-347.805,"sum of tree ANPP, shrub ANPP, sphagnum NPP, and tree/shrub BNPP"
US-SPR,T0.00,P06,0,0,2019,AGNPP_pftgroup_tree,53.2,7.98,gC m-2 y-1,ANPP Tree (~48%C),ANPP Tree (~48%C),SPRUCE C Budget Summary 19JAN2025_natalie.xlsx,tree,"3,5",53.2,44.4987,198.1,69.8,-347.805,measured tree aboveground NPP
US-SPR,T0.00,P06,0,0,2019,AGNPP_pftgroup_shrub,44.4987,6.6748,gC m-2 y-1,ANPP Shrub (~50%C),ANPP Shrub (~50%C),SPRUCE C Budget Summary 19JAN2025_natalie.xlsx,shrub,14,53.2,44.4987,198.1,69.8,-347.805,measured shrub aboveground NPP
US-SPR,T0.00,P06,0,0,2019,BGNPP_pftgroup_woody,69.8,10.47,gC m-2 y-1,BNPP Tree & Shrub,BNPP Tree & Shrub,SPRUCE C Budget Summary 19JAN2025_natalie.xlsx,woody,"3,5,14",53.2,44.4987,198.1,69.8,-347.805,measured combined tree and shrub belowground NPP
US-SPR,T0.00,P06,0,0,2019,NPP_pftgroup_moss,198.1,29.715,gC m-2 y-1,NPP Sphag.,NPP Sphag.,SPRUCE C Budget Summary 19JAN2025_natalie.xlsx,moss,18,53.2,44.4987,198.1,69.8,-347.805,measured sphagnum NPP
US-SPR,T0.00,P06,0,0,2019,HR,347.805,52.1708,gC m-2 y-1,RHCO2,RHCO2,SPRUCE C Budget Summary 19JAN2025_natalie.xlsx,,,53.2,44.4987,198.1,69.8,-347.805,RHCO2 sign flipped so positive values match model HR
US-SPR,T2.25,P20,0,2.25,2019,NPP,471.88,70.782,gC m-2 y-1,total_npp,ANPP Tree (~48%C)+ANPP Shrub (~50%C)+NPP Sphag.+BNPP Tree & Shrub,SPRUCE C Budget Summary 19JAN2025_natalie.xlsx,,,150.4,103.906,135.474,82.1,-391.91,"sum of tree ANPP, shrub ANPP, sphagnum NPP, and tree/shrub BNPP"
US-SPR,T2.25,P20,0,2.25,2019,AGNPP_pftgroup_tree,150.4,22.56,gC m-2 y-1,ANPP Tree (~48%C),ANPP Tree (~48%C),SPRUCE C Budget Summary 19JAN2025_natalie.xlsx,tree,"3,5",150.4,103.906,135.474,82.1,-391.91,measured tree aboveground NPP
US-SPR,T2.25,P20,0,2.25,2019,AGNPP_pftgroup_shrub,103.906,15.5859,gC m-2 y-1,ANPP Shrub (~50%C),ANPP Shrub (~50%C),SPRUCE C Budget Summary 19JAN2025_natalie.xlsx,shrub,14,150.4,103.906,135.474,82.1,-391.91,measured shrub aboveground NPP
US-SPR,T2.25,P20,0,2.25,2019,BGNPP_pftgroup_woody,82.1,12.315,gC m-2 y-1,BNPP Tree & Shrub,BNPP Tree & Shrub,SPRUCE C Budget Summary 19JAN2025_natalie.xlsx,woody,"3,5,14",150.4,103.906,135.474,82.1,-391.91,measured combined tree and shrub belowground NPP
US-SPR,T2.25,P20,0,2.25,2019,NPP_pftgroup_moss,135.474,20.3211,gC m-2 y-1,NPP Sphag.,NPP Sphag.,SPRUCE C Budget Summary 19JAN2025_natalie.xlsx,moss,18,150.4,103.906,135.474,82.1,-391.91,measured sphagnum NPP
US-SPR,T2.25,P20,0,2.25,2019,HR,391.91,58.7865,gC m-2 y-1,RHCO2,RHCO2,SPRUCE C Budget Summary 19JAN2025_natalie.xlsx,,,150.4,103.906,135.474,82.1,-391.91,RHCO2 sign flipped so positive values match model HR
US-SPR,T4.50,P13,0,4.5,2019,NPP,347.512,52.1267,gC m-2 y-1,total_npp,ANPP Tree (~48%C)+ANPP Shrub (~50%C)+NPP Sphag.+BNPP Tree & Shrub,SPRUCE C Budget Summary 19JAN2025_natalie.xlsx,,,83.6,130.563,46.974,86.375,-427.186,"sum of tree ANPP, shrub ANPP, sphagnum NPP, and tree/shrub BNPP"
US-SPR,T4.50,P13,0,4.5,2019,AGNPP_pftgroup_tree,83.6,12.54,gC m-2 y-1,ANPP Tree (~48%C),ANPP Tree (~48%C),SPRUCE C Budget Summary 19JAN2025_natalie.xlsx,tree,"3,5",83.6,130.563,46.974,86.375,-427.186,measured tree aboveground NPP
US-SPR,T4.50,P13,0,4.5,2019,AGNPP_pftgroup_shrub,130.563,19.5844,gC m-2 y-1,ANPP Shrub (~50%C),ANPP Shrub (~50%C),SPRUCE C Budget Summary 19JAN2025_natalie.xlsx,shrub,14,83.6,130.563,46.974,86.375,-427.186,measured shrub aboveground NPP
US-SPR,T4.50,P13,0,4.5,2019,BGNPP_pftgroup_woody,86.375,12.9562,gC m-2 y-1,BNPP Tree & Shrub,BNPP Tree & Shrub,SPRUCE C Budget Summary 19JAN2025_natalie.xlsx,woody,"3,5,14",83.6,130.563,46.974,86.375,-427.186,measured combined tree and shrub belowground NPP
US-SPR,T4.50,P13,0,4.5,2019,NPP_pftgroup_moss,46.974,7.0461,gC m-2 y-1,NPP Sphag.,NPP Sphag.,SPRUCE C Budget Summary 19JAN2025_natalie.xlsx,moss,18,83.6,130.563,46.974,86.375,-427.186,measured sphagnum NPP
US-SPR,T4.50,P13,0,4.5,2019,HR,427.186,64.0779,gC m-2 y-1,RHCO2,RHCO2,SPRUCE C Budget Summary 19JAN2025_natalie.xlsx,,,83.6,130.563,46.974,86.375,-427.186,RHCO2 sign flipped so positive values match model HR
US-SPR,T6.75,P08,0,6.75,2019,NPP,270.646,40.5969,gC m-2 y-1,total_npp,ANPP Tree (~48%C)+ANPP Shrub (~50%C)+NPP Sphag.+BNPP Tree & Shrub,SPRUCE C Budget Summary 19JAN2025_natalie.xlsx,,,86,72.181,29.765,82.7,-427.793,"sum of tree ANPP, shrub ANPP, sphagnum NPP, and tree/shrub BNPP"
US-SPR,T6.75,P08,0,6.75,2019,AGNPP_pftgroup_tree,86,12.9,gC m-2 y-1,ANPP Tree (~48%C),ANPP Tree (~48%C),SPRUCE C Budget Summary 19JAN2025_natalie.xlsx,tree,"3,5",86,72.181,29.765,82.7,-427.793,measured tree aboveground NPP
US-SPR,T6.75,P08,0,6.75,2019,AGNPP_pftgroup_shrub,72.181,10.8272,gC m-2 y-1,ANPP Shrub (~50%C),ANPP Shrub (~50%C),SPRUCE C Budget Summary 19JAN2025_natalie.xlsx,shrub,14,86,72.181,29.765,82.7,-427.793,measured shrub aboveground NPP
US-SPR,T6.75,P08,0,6.75,2019,BGNPP_pftgroup_woody,82.7,12.405,gC m-2 y-1,BNPP Tree & Shrub,BNPP Tree & Shrub,SPRUCE C Budget Summary 19JAN2025_natalie.xlsx,woody,"3,5,14",86,72.181,29.765,82.7,-427.793,measured combined tree and shrub belowground NPP
US-SPR,T6.75,P08,0,6.75,2019,NPP_pftgroup_moss,29.765,4.46475,gC m-2 y-1,NPP Sphag.,NPP Sphag.,SPRUCE C Budget Summary 19JAN2025_natalie.xlsx,moss,18,86,72.181,29.765,82.7,-427.793,measured sphagnum NPP
US-SPR,T6.75,P08,0,6.75,2019,HR,427.793,64.169,gC m-2 y-1,RHCO2,RHCO2,SPRUCE C Budget Summary 19JAN2025_natalie.xlsx,,,86,72.181,29.765,82.7,-427.793,RHCO2 sign flipped so positive values match model HR
US-SPR,T9.00,P17,0,9,2019,NPP,326.239,48.9358,gC m-2 y-1,total_npp,ANPP Tree (~48%C)+ANPP Shrub (~50%C)+NPP Sphag.+BNPP Tree & Shrub,SPRUCE C Budget Summary 19JAN2025_natalie.xlsx,,,52.4,133.161,9.378,131.3,-635.047,"sum of tree ANPP, shrub ANPP, sphagnum NPP, and tree/shrub BNPP"
US-SPR,T9.00,P17,0,9,2019,AGNPP_pftgroup_tree,52.4,7.86,gC m-2 y-1,ANPP Tree (~48%C),ANPP Tree (~48%C),SPRUCE C Budget Summary 19JAN2025_natalie.xlsx,tree,"3,5",52.4,133.161,9.378,131.3,-635.047,measured tree aboveground NPP
US-SPR,T9.00,P17,0,9,2019,AGNPP_pftgroup_shrub,133.161,19.9741,gC m-2 y-1,ANPP Shrub (~50%C),ANPP Shrub (~50%C),SPRUCE C Budget Summary 19JAN2025_natalie.xlsx,shrub,14,52.4,133.161,9.378,131.3,-635.047,measured shrub aboveground NPP
US-SPR,T9.00,P17,0,9,2019,BGNPP_pftgroup_woody,131.3,19.695,gC m-2 y-1,BNPP Tree & Shrub,BNPP Tree & Shrub,SPRUCE C Budget Summary 19JAN2025_natalie.xlsx,woody,"3,5,14",52.4,133.161,9.378,131.3,-635.047,measured combined tree and shrub belowground NPP
US-SPR,T9.00,P17,0,9,2019,NPP_pftgroup_moss,9.378,1.4067,gC m-2 y-1,NPP Sphag.,NPP Sphag.,SPRUCE C Budget Summary 19JAN2025_natalie.xlsx,moss,18,52.4,133.161,9.378,131.3,-635.047,measured sphagnum NPP
US-SPR,T9.00,P17,0,9,2019,HR,635.047,95.2571,gC m-2 y-1,RHCO2,RHCO2,SPRUCE C Budget Summary 19JAN2025_natalie.xlsx,,,52.4,133.161,9.378,131.3,-635.047,RHCO2 sign flipped so positive values match model HR
US-SPR,TAMB,P07,Amb,0,2020,NPP,317.658,47.6487,gC m-2 y-1,total_npp,ANPP Tree (~48%C)+ANPP Shrub (~50%C)+NPP Sphag.+BNPP Tree & Shrub,SPRUCE C Budget Summary 19JAN2025_natalie.xlsx,,,87.6,79.8454,140,10.2125,-318.133,"sum of tree ANPP, shrub ANPP, sphagnum NPP, and tree/shrub BNPP"
US-SPR,TAMB,P07,Amb,0,2020,AGNPP_pftgroup_tree,87.6,13.14,gC m-2 y-1,ANPP Tree (~48%C),ANPP Tree (~48%C),SPRUCE C Budget Summary 19JAN2025_natalie.xlsx,tree,"3,5",87.6,79.8454,140,10.2125,-318.133,measured tree aboveground NPP
US-SPR,TAMB,P07,Amb,0,2020,AGNPP_pftgroup_shrub,79.8454,11.9768,gC m-2 y-1,ANPP Shrub (~50%C),ANPP Shrub (~50%C),SPRUCE C Budget Summary 19JAN2025_natalie.xlsx,shrub,14,87.6,79.8454,140,10.2125,-318.133,measured shrub aboveground NPP
US-SPR,TAMB,P07,Amb,0,2020,BGNPP_pftgroup_woody,10.2125,1.53188,gC m-2 y-1,BNPP Tree & Shrub,BNPP Tree & Shrub,SPRUCE C Budget Summary 19JAN2025_natalie.xlsx,woody,"3,5,14",87.6,79.8454,140,10.2125,-318.133,measured combined tree and shrub belowground NPP
US-SPR,TAMB,P07,Amb,0,2020,NPP_pftgroup_moss,140,21,gC m-2 y-1,NPP Sphag.,NPP Sphag.,SPRUCE C Budget Summary 19JAN2025_natalie.xlsx,moss,18,87.6,79.8454,140,10.2125,-318.133,measured sphagnum NPP
US-SPR,TAMB,P07,Amb,0,2020,HR,318.133,47.7199,gC m-2 y-1,RHCO2,RHCO2,SPRUCE C Budget Summary 19JAN2025_natalie.xlsx,,,87.6,79.8454,140,10.2125,-318.133,RHCO2 sign flipped so positive values match model HR
US-SPR,T0.00,P06,0,0,2020,NPP,384.934,57.7402,gC m-2 y-1,total_npp,ANPP Tree (~48%C)+ANPP Shrub (~50%C)+NPP Sphag.+BNPP Tree & Shrub,SPRUCE C Budget Summary 19JAN2025_natalie.xlsx,,,86.1,81.2843,148.8,68.75,-364.477,"sum of tree ANPP, shrub ANPP, sphagnum NPP, and tree/shrub BNPP"
US-SPR,T0.00,P06,0,0,2020,AGNPP_pftgroup_tree,86.1,12.915,gC m-2 y-1,ANPP Tree (~48%C),ANPP Tree (~48%C),SPRUCE C Budget Summary 19JAN2025_natalie.xlsx,tree,"3,5",86.1,81.2843,148.8,68.75,-364.477,measured tree aboveground NPP
US-SPR,T0.00,P06,0,0,2020,AGNPP_pftgroup_shrub,81.2843,12.1927,gC m-2 y-1,ANPP Shrub (~50%C),ANPP Shrub (~50%C),SPRUCE C Budget Summary 19JAN2025_natalie.xlsx,shrub,14,86.1,81.2843,148.8,68.75,-364.477,measured shrub aboveground NPP
US-SPR,T0.00,P06,0,0,2020,BGNPP_pftgroup_woody,68.75,10.3125,gC m-2 y-1,BNPP Tree & Shrub,BNPP Tree & Shrub,SPRUCE C Budget Summary 19JAN2025_natalie.xlsx,woody,"3,5,14",86.1,81.2843,148.8,68.75,-364.477,measured combined tree and shrub belowground NPP
US-SPR,T0.00,P06,0,0,2020,NPP_pftgroup_moss,148.8,22.32,gC m-2 y-1,NPP Sphag.,NPP Sphag.,SPRUCE C Budget Summary 19JAN2025_natalie.xlsx,moss,18,86.1,81.2843,148.8,68.75,-364.477,measured sphagnum NPP
US-SPR,T0.00,P06,0,0,2020,HR,364.477,54.6716,gC m-2 y-1,RHCO2,RHCO2,SPRUCE C Budget Summary 19JAN2025_natalie.xlsx,,,86.1,81.2843,148.8,68.75,-364.477,RHCO2 sign flipped so positive values match model HR
US-SPR,T2.25,P20,0,2.25,2020,NPP,474.888,71.2332,gC m-2 y-1,total_npp,ANPP Tree (~48%C)+ANPP Shrub (~50%C)+NPP Sphag.+BNPP Tree & Shrub,SPRUCE C Budget Summary 19JAN2025_natalie.xlsx,,,175.6,78.1381,134.8,86.35,-425.608,"sum of tree ANPP, shrub ANPP, sphagnum NPP, and tree/shrub BNPP"
US-SPR,T2.25,P20,0,2.25,2020,AGNPP_pftgroup_tree,175.6,26.34,gC m-2 y-1,ANPP Tree (~48%C),ANPP Tree (~48%C),SPRUCE C Budget Summary 19JAN2025_natalie.xlsx,tree,"3,5",175.6,78.1381,134.8,86.35,-425.608,measured tree aboveground NPP
US-SPR,T2.25,P20,0,2.25,2020,AGNPP_pftgroup_shrub,78.1381,11.7207,gC m-2 y-1,ANPP Shrub (~50%C),ANPP Shrub (~50%C),SPRUCE C Budget Summary 19JAN2025_natalie.xlsx,shrub,14,175.6,78.1381,134.8,86.35,-425.608,measured shrub aboveground NPP
US-SPR,T2.25,P20,0,2.25,2020,BGNPP_pftgroup_woody,86.35,12.9525,gC m-2 y-1,BNPP Tree & Shrub,BNPP Tree & Shrub,SPRUCE C Budget Summary 19JAN2025_natalie.xlsx,woody,"3,5,14",175.6,78.1381,134.8,86.35,-425.608,measured combined tree and shrub belowground NPP
US-SPR,T2.25,P20,0,2.25,2020,NPP_pftgroup_moss,134.8,20.22,gC m-2 y-1,NPP Sphag.,NPP Sphag.,SPRUCE C Budget Summary 19JAN2025_natalie.xlsx,moss,18,175.6,78.1381,134.8,86.35,-425.608,measured sphagnum NPP
US-SPR,T2.25,P20,0,2.25,2020,HR,425.608,63.8412,gC m-2 y-1,RHCO2,RHCO2,SPRUCE C Budget Summary 19JAN2025_natalie.xlsx,,,175.6,78.1381,134.8,86.35,-425.608,RHCO2 sign flipped so positive values match model HR
US-SPR,T4.50,P13,0,4.5,2020,NPP,358.194,53.7291,gC m-2 y-1,total_npp,ANPP Tree (~48%C)+ANPP Shrub (~50%C)+NPP Sphag.+BNPP Tree & Shrub,SPRUCE C Budget Summary 19JAN2025_natalie.xlsx,,,83.7,125.281,62.5,86.7125,-471.958,"sum of tree ANPP, shrub ANPP, sphagnum NPP, and tree/shrub BNPP"
US-SPR,T4.50,P13,0,4.5,2020,AGNPP_pftgroup_tree,83.7,12.555,gC m-2 y-1,ANPP Tree (~48%C),ANPP Tree (~48%C),SPRUCE C Budget Summary 19JAN2025_natalie.xlsx,tree,"3,5",83.7,125.281,62.5,86.7125,-471.958,measured tree aboveground NPP
US-SPR,T4.50,P13,0,4.5,2020,AGNPP_pftgroup_shrub,125.281,18.7922,gC m-2 y-1,ANPP Shrub (~50%C),ANPP Shrub (~50%C),SPRUCE C Budget Summary 19JAN2025_natalie.xlsx,shrub,14,83.7,125.281,62.5,86.7125,-471.958,measured shrub aboveground NPP
US-SPR,T4.50,P13,0,4.5,2020,BGNPP_pftgroup_woody,86.7125,13.0069,gC m-2 y-1,BNPP Tree & Shrub,BNPP Tree & Shrub,SPRUCE C Budget Summary 19JAN2025_natalie.xlsx,woody,"3,5,14",83.7,125.281,62.5,86.7125,-471.958,measured combined tree and shrub belowground NPP
US-SPR,T4.50,P13,0,4.5,2020,NPP_pftgroup_moss,62.5,9.375,gC m-2 y-1,NPP Sphag.,NPP Sphag.,SPRUCE C Budget Summary 19JAN2025_natalie.xlsx,moss,18,83.7,125.281,62.5,86.7125,-471.958,measured sphagnum NPP
US-SPR,T4.50,P13,0,4.5,2020,HR,471.958,70.7937,gC m-2 y-1,RHCO2,RHCO2,SPRUCE C Budget Summary 19JAN2025_natalie.xlsx,,,83.7,125.281,62.5,86.7125,-471.958,RHCO2 sign flipped so positive values match model HR
US-SPR,T6.75,P08,0,6.75,2020,NPP,328.316,49.2473,gC m-2 y-1,total_npp,ANPP Tree (~48%C)+ANPP Shrub (~50%C)+NPP Sphag.+BNPP Tree & Shrub,SPRUCE C Budget Summary 19JAN2025_natalie.xlsx,,,141.9,90.2155,9.7,86.5,-461.691,"sum of tree ANPP, shrub ANPP, sphagnum NPP, and tree/shrub BNPP"
US-SPR,T6.75,P08,0,6.75,2020,AGNPP_pftgroup_tree,141.9,21.285,gC m-2 y-1,ANPP Tree (~48%C),ANPP Tree (~48%C),SPRUCE C Budget Summary 19JAN2025_natalie.xlsx,tree,"3,5",141.9,90.2155,9.7,86.5,-461.691,measured tree aboveground NPP
US-SPR,T6.75,P08,0,6.75,2020,AGNPP_pftgroup_shrub,90.2155,13.5323,gC m-2 y-1,ANPP Shrub (~50%C),ANPP Shrub (~50%C),SPRUCE C Budget Summary 19JAN2025_natalie.xlsx,shrub,14,141.9,90.2155,9.7,86.5,-461.691,measured shrub aboveground NPP
US-SPR,T6.75,P08,0,6.75,2020,BGNPP_pftgroup_woody,86.5,12.975,gC m-2 y-1,BNPP Tree & Shrub,BNPP Tree & Shrub,SPRUCE C Budget Summary 19JAN2025_natalie.xlsx,woody,"3,5,14",141.9,90.2155,9.7,86.5,-461.691,measured combined tree and shrub belowground NPP
US-SPR,T6.75,P08,0,6.75,2020,NPP_pftgroup_moss,9.7,1.455,gC m-2 y-1,NPP Sphag.,NPP Sphag.,SPRUCE C Budget Summary 19JAN2025_natalie.xlsx,moss,18,141.9,90.2155,9.7,86.5,-461.691,measured sphagnum NPP
US-SPR,T6.75,P08,0,6.75,2020,HR,461.691,69.2536,gC m-2 y-1,RHCO2,RHCO2,SPRUCE C Budget Summary 19JAN2025_natalie.xlsx,,,141.9,90.2155,9.7,86.5,-461.691,RHCO2 sign flipped so positive values match model HR
US-SPR,T9.00,P17,0,9,2020,NPP,347.545,52.1318,gC m-2 y-1,total_npp,ANPP Tree (~48%C)+ANPP Shrub (~50%C)+NPP Sphag.+BNPP Tree & Shrub,SPRUCE C Budget Summary 19JAN2025_natalie.xlsx,,,67.4,163.195,1.8,115.15,-697.639,"sum of tree ANPP, shrub ANPP, sphagnum NPP, and tree/shrub BNPP"
US-SPR,T9.00,P17,0,9,2020,AGNPP_pftgroup_tree,67.4,10.11,gC m-2 y-1,ANPP Tree (~48%C),ANPP Tree (~48%C),SPRUCE C Budget Summary 19JAN2025_natalie.xlsx,tree,"3,5",67.4,163.195,1.8,115.15,-697.639,measured tree aboveground NPP
US-SPR,T9.00,P17,0,9,2020,AGNPP_pftgroup_shrub,163.195,24.4793,gC m-2 y-1,ANPP Shrub (~50%C),ANPP Shrub (~50%C),SPRUCE C Budget Summary 19JAN2025_natalie.xlsx,shrub,14,67.4,163.195,1.8,115.15,-697.639,measured shrub aboveground NPP
US-SPR,T9.00,P17,0,9,2020,BGNPP_pftgroup_woody,115.15,17.2725,gC m-2 y-1,BNPP Tree & Shrub,BNPP Tree & Shrub,SPRUCE C Budget Summary 19JAN2025_natalie.xlsx,woody,"3,5,14",67.4,163.195,1.8,115.15,-697.639,measured combined tree and shrub belowground NPP
US-SPR,T9.00,P17,0,9,2020,NPP_pftgroup_moss,1.8,1,gC m-2 y-1,NPP Sphag.,NPP Sphag.,SPRUCE C Budget Summary 19JAN2025_natalie.xlsx,moss,18,67.4,163.195,1.8,115.15,-697.639,measured sphagnum NPP
US-SPR,T9.00,P17,0,9,2020,HR,697.639,104.646,gC m-2 y-1,RHCO2,RHCO2,SPRUCE C Budget Summary 19JAN2025_natalie.xlsx,,,67.4,163.195,1.8,115.15,-697.639,RHCO2 sign flipped so positive values match model HR
US-SPR,TAMB,P07,Amb,0,2021,NPP,314.654,47.1981,gC m-2 y-1,total_npp,ANPP Tree (~48%C)+ANPP Shrub (~50%C)+NPP Sphag.+BNPP Tree & Shrub,SPRUCE C Budget Summary 19JAN2025_natalie.xlsx,,,89.58,74.78,140,10.2937,-318.18,"sum of tree ANPP, shrub ANPP, sphagnum NPP, and tree/shrub BNPP"
US-SPR,TAMB,P07,Amb,0,2021,AGNPP_pftgroup_tree,89.58,13.437,gC m-2 y-1,ANPP Tree (~48%C),ANPP Tree (~48%C),SPRUCE C Budget Summary 19JAN2025_natalie.xlsx,tree,"3,5",89.58,74.78,140,10.2937,-318.18,measured tree aboveground NPP
US-SPR,TAMB,P07,Amb,0,2021,AGNPP_pftgroup_shrub,74.78,11.217,gC m-2 y-1,ANPP Shrub (~50%C),ANPP Shrub (~50%C),SPRUCE C Budget Summary 19JAN2025_natalie.xlsx,shrub,14,89.58,74.78,140,10.2937,-318.18,measured shrub aboveground NPP
US-SPR,TAMB,P07,Amb,0,2021,BGNPP_pftgroup_woody,10.2937,1.54406,gC m-2 y-1,BNPP Tree & Shrub,BNPP Tree & Shrub,SPRUCE C Budget Summary 19JAN2025_natalie.xlsx,woody,"3,5,14",89.58,74.78,140,10.2937,-318.18,measured combined tree and shrub belowground NPP
US-SPR,TAMB,P07,Amb,0,2021,NPP_pftgroup_moss,140,21,gC m-2 y-1,NPP Sphag.,NPP Sphag.,SPRUCE C Budget Summary 19JAN2025_natalie.xlsx,moss,18,89.58,74.78,140,10.2937,-318.18,measured sphagnum NPP
US-SPR,TAMB,P07,Amb,0,2021,HR,318.18,47.7269,gC m-2 y-1,RHCO2,RHCO2,SPRUCE C Budget Summary 19JAN2025_natalie.xlsx,,,89.58,74.78,140,10.2937,-318.18,RHCO2 sign flipped so positive values match model HR
US-SPR,T0.00,P06,0,0,2021,NPP,341.095,51.1643,gC m-2 y-1,total_npp,ANPP Tree (~48%C)+ANPP Shrub (~50%C)+NPP Sphag.+BNPP Tree & Shrub,SPRUCE C Budget Summary 19JAN2025_natalie.xlsx,,,68.05,118.07,85.7,69.275,-394.968,"sum of tree ANPP, shrub ANPP, sphagnum NPP, and tree/shrub BNPP"
US-SPR,T0.00,P06,0,0,2021,AGNPP_pftgroup_tree,68.05,10.2075,gC m-2 y-1,ANPP Tree (~48%C),ANPP Tree (~48%C),SPRUCE C Budget Summary 19JAN2025_natalie.xlsx,tree,"3,5",68.05,118.07,85.7,69.275,-394.968,measured tree aboveground NPP
US-SPR,T0.00,P06,0,0,2021,AGNPP_pftgroup_shrub,118.07,17.7105,gC m-2 y-1,ANPP Shrub (~50%C),ANPP Shrub (~50%C),SPRUCE C Budget Summary 19JAN2025_natalie.xlsx,shrub,14,68.05,118.07,85.7,69.275,-394.968,measured shrub aboveground NPP
US-SPR,T0.00,P06,0,0,2021,BGNPP_pftgroup_woody,69.275,10.3913,gC m-2 y-1,BNPP Tree & Shrub,BNPP Tree & Shrub,SPRUCE C Budget Summary 19JAN2025_natalie.xlsx,woody,"3,5,14",68.05,118.07,85.7,69.275,-394.968,measured combined tree and shrub belowground NPP
US-SPR,T0.00,P06,0,0,2021,NPP_pftgroup_moss,85.7,12.855,gC m-2 y-1,NPP Sphag.,NPP Sphag.,SPRUCE C Budget Summary 19JAN2025_natalie.xlsx,moss,18,68.05,118.07,85.7,69.275,-394.968,measured sphagnum NPP
US-SPR,T0.00,P06,0,0,2021,HR,394.968,59.2452,gC m-2 y-1,RHCO2,RHCO2,SPRUCE C Budget Summary 19JAN2025_natalie.xlsx,,,68.05,118.07,85.7,69.275,-394.968,RHCO2 sign flipped so positive values match model HR
US-SPR,T2.25,P20,0,2.25,2021,NPP,429.495,64.4243,gC m-2 y-1,total_npp,ANPP Tree (~48%C)+ANPP Shrub (~50%C)+NPP Sphag.+BNPP Tree & Shrub,SPRUCE C Budget Summary 19JAN2025_natalie.xlsx,,,178.1,52.37,114.8,84.225,-438.648,"sum of tree ANPP, shrub ANPP, sphagnum NPP, and tree/shrub BNPP"
US-SPR,T2.25,P20,0,2.25,2021,AGNPP_pftgroup_tree,178.1,26.715,gC m-2 y-1,ANPP Tree (~48%C),ANPP Tree (~48%C),SPRUCE C Budget Summary 19JAN2025_natalie.xlsx,tree,"3,5",178.1,52.37,114.8,84.225,-438.648,measured tree aboveground NPP
US-SPR,T2.25,P20,0,2.25,2021,AGNPP_pftgroup_shrub,52.37,7.8555,gC m-2 y-1,ANPP Shrub (~50%C),ANPP Shrub (~50%C),SPRUCE C Budget Summary 19JAN2025_natalie.xlsx,shrub,14,178.1,52.37,114.8,84.225,-438.648,measured shrub aboveground NPP
US-SPR,T2.25,P20,0,2.25,2021,BGNPP_pftgroup_woody,84.225,12.6337,gC m-2 y-1,BNPP Tree & Shrub,BNPP Tree & Shrub,SPRUCE C Budget Summary 19JAN2025_natalie.xlsx,woody,"3,5,14",178.1,52.37,114.8,84.225,-438.648,measured combined tree and shrub belowground NPP
US-SPR,T2.25,P20,0,2.25,2021,NPP_pftgroup_moss,114.8,17.22,gC m-2 y-1,NPP Sphag.,NPP Sphag.,SPRUCE C Budget Summary 19JAN2025_natalie.xlsx,moss,18,178.1,52.37,114.8,84.225,-438.648,measured sphagnum NPP
US-SPR,T2.25,P20,0,2.25,2021,HR,438.648,65.7972,gC m-2 y-1,RHCO2,RHCO2,SPRUCE C Budget Summary 19JAN2025_natalie.xlsx,,,178.1,52.37,114.8,84.225,-438.648,RHCO2 sign flipped so positive values match model HR
US-SPR,T4.50,P13,0,4.5,2021,NPP,350.044,52.5066,gC m-2 y-1,total_npp,ANPP Tree (~48%C)+ANPP Shrub (~50%C)+NPP Sphag.+BNPP Tree & Shrub,SPRUCE C Budget Summary 19JAN2025_natalie.xlsx,,,79.2,120,64.3,86.5438,-503.282,"sum of tree ANPP, shrub ANPP, sphagnum NPP, and tree/shrub BNPP"
US-SPR,T4.50,P13,0,4.5,2021,AGNPP_pftgroup_tree,79.2,11.88,gC m-2 y-1,ANPP Tree (~48%C),ANPP Tree (~48%C),SPRUCE C Budget Summary 19JAN2025_natalie.xlsx,tree,"3,5",79.2,120,64.3,86.5438,-503.282,measured tree aboveground NPP
US-SPR,T4.50,P13,0,4.5,2021,AGNPP_pftgroup_shrub,120,18,gC m-2 y-1,ANPP Shrub (~50%C),ANPP Shrub (~50%C),SPRUCE C Budget Summary 19JAN2025_natalie.xlsx,shrub,14,79.2,120,64.3,86.5438,-503.282,measured shrub aboveground NPP
US-SPR,T4.50,P13,0,4.5,2021,BGNPP_pftgroup_woody,86.5438,12.9816,gC m-2 y-1,BNPP Tree & Shrub,BNPP Tree & Shrub,SPRUCE C Budget Summary 19JAN2025_natalie.xlsx,woody,"3,5,14",79.2,120,64.3,86.5438,-503.282,measured combined tree and shrub belowground NPP
US-SPR,T4.50,P13,0,4.5,2021,NPP_pftgroup_moss,64.3,9.645,gC m-2 y-1,NPP Sphag.,NPP Sphag.,SPRUCE C Budget Summary 19JAN2025_natalie.xlsx,moss,18,79.2,120,64.3,86.5438,-503.282,measured sphagnum NPP
US-SPR,T4.50,P13,0,4.5,2021,HR,503.282,75.4924,gC m-2 y-1,RHCO2,RHCO2,SPRUCE C Budget Summary 19JAN2025_natalie.xlsx,,,79.2,120,64.3,86.5438,-503.282,RHCO2 sign flipped so positive values match model HR
US-SPR,T6.75,P08,0,6.75,2021,NPP,333.55,50.0325,gC m-2 y-1,total_npp,ANPP Tree (~48%C)+ANPP Shrub (~50%C)+NPP Sphag.+BNPP Tree & Shrub,SPRUCE C Budget Summary 19JAN2025_natalie.xlsx,,,125.4,108.25,15.3,84.6,-504.831,"sum of tree ANPP, shrub ANPP, sphagnum NPP, and tree/shrub BNPP"
US-SPR,T6.75,P08,0,6.75,2021,AGNPP_pftgroup_tree,125.4,18.81,gC m-2 y-1,ANPP Tree (~48%C),ANPP Tree (~48%C),SPRUCE C Budget Summary 19JAN2025_natalie.xlsx,tree,"3,5",125.4,108.25,15.3,84.6,-504.831,measured tree aboveground NPP
US-SPR,T6.75,P08,0,6.75,2021,AGNPP_pftgroup_shrub,108.25,16.2375,gC m-2 y-1,ANPP Shrub (~50%C),ANPP Shrub (~50%C),SPRUCE C Budget Summary 19JAN2025_natalie.xlsx,shrub,14,125.4,108.25,15.3,84.6,-504.831,measured shrub aboveground NPP
US-SPR,T6.75,P08,0,6.75,2021,BGNPP_pftgroup_woody,84.6,12.69,gC m-2 y-1,BNPP Tree & Shrub,BNPP Tree & Shrub,SPRUCE C Budget Summary 19JAN2025_natalie.xlsx,woody,"3,5,14",125.4,108.25,15.3,84.6,-504.831,measured combined tree and shrub belowground NPP
US-SPR,T6.75,P08,0,6.75,2021,NPP_pftgroup_moss,15.3,2.295,gC m-2 y-1,NPP Sphag.,NPP Sphag.,SPRUCE C Budget Summary 19JAN2025_natalie.xlsx,moss,18,125.4,108.25,15.3,84.6,-504.831,measured sphagnum NPP
US-SPR,T6.75,P08,0,6.75,2021,HR,504.831,75.7246,gC m-2 y-1,RHCO2,RHCO2,SPRUCE C Budget Summary 19JAN2025_natalie.xlsx,,,125.4,108.25,15.3,84.6,-504.831,RHCO2 sign flipped so positive values match model HR
US-SPR,T9.00,P17,0,9,2021,NPP,382.455,57.3682,gC m-2 y-1,total_npp,ANPP Tree (~48%C)+ANPP Shrub (~50%C)+NPP Sphag.+BNPP Tree & Shrub,SPRUCE C Budget Summary 19JAN2025_natalie.xlsx,,,66,193.23,0,123.225,-735.204,"sum of tree ANPP, shrub ANPP, sphagnum NPP, and tree/shrub BNPP"
US-SPR,T9.00,P17,0,9,2021,AGNPP_pftgroup_tree,66,9.9,gC m-2 y-1,ANPP Tree (~48%C),ANPP Tree (~48%C),SPRUCE C Budget Summary 19JAN2025_natalie.xlsx,tree,"3,5",66,193.23,0,123.225,-735.204,measured tree aboveground NPP
US-SPR,T9.00,P17,0,9,2021,AGNPP_pftgroup_shrub,193.23,28.9845,gC m-2 y-1,ANPP Shrub (~50%C),ANPP Shrub (~50%C),SPRUCE C Budget Summary 19JAN2025_natalie.xlsx,shrub,14,66,193.23,0,123.225,-735.204,measured shrub aboveground NPP
US-SPR,T9.00,P17,0,9,2021,BGNPP_pftgroup_woody,123.225,18.4838,gC m-2 y-1,BNPP Tree & Shrub,BNPP Tree & Shrub,SPRUCE C Budget Summary 19JAN2025_natalie.xlsx,woody,"3,5,14",66,193.23,0,123.225,-735.204,measured combined tree and shrub belowground NPP
US-SPR,T9.00,P17,0,9,2021,NPP_pftgroup_moss,0,1,gC m-2 y-1,NPP Sphag.,NPP Sphag.,SPRUCE C Budget Summary 19JAN2025_natalie.xlsx,moss,18,66,193.23,0,123.225,-735.204,measured sphagnum NPP
US-SPR,T9.00,P17,0,9,2021,HR,735.204,110.281,gC m-2 y-1,RHCO2,RHCO2,SPRUCE C Budget Summary 19JAN2025_natalie.xlsx,,,66,193.23,0,123.225,-735.204,RHCO2 sign flipped so positive values match model HR
US-SPR,TAMB,P07,Amb,0,2022,AGNPP_pftgroup_tree,68.5,10.275,gC m-2 y-1,ANPP Tree (~48%C),ANPP Tree (~48%C),SPRUCE C Budget Summary 19JAN2025_natalie.xlsx,tree,"3,5",68.5,74.78,,,,measured tree aboveground NPP
US-SPR,TAMB,P07,Amb,0,2022,AGNPP_pftgroup_shrub,74.78,11.217,gC m-2 y-1,ANPP Shrub (~50%C),ANPP Shrub (~50%C),SPRUCE C Budget Summary 19JAN2025_natalie.xlsx,shrub,14,68.5,74.78,,,,measured shrub aboveground NPP
US-SPR,T0.00,P06,0,0,2022,AGNPP_pftgroup_tree,67.3,10.095,gC m-2 y-1,ANPP Tree (~48%C),ANPP Tree (~48%C),SPRUCE C Budget Summary 19JAN2025_natalie.xlsx,tree,"3,5",67.3,118.07,,,,measured tree aboveground NPP
US-SPR,T0.00,P06,0,0,2022,AGNPP_pftgroup_shrub,118.07,17.7105,gC m-2 y-1,ANPP Shrub (~50%C),ANPP Shrub (~50%C),SPRUCE C Budget Summary 19JAN2025_natalie.xlsx,shrub,14,67.3,118.07,,,,measured shrub aboveground NPP
US-SPR,T2.25,P20,0,2.25,2022,AGNPP_pftgroup_tree,111,16.65,gC m-2 y-1,ANPP Tree (~48%C),ANPP Tree (~48%C),SPRUCE C Budget Summary 19JAN2025_natalie.xlsx,tree,"3,5",111,52.37,,,,measured tree aboveground NPP
US-SPR,T2.25,P20,0,2.25,2022,AGNPP_pftgroup_shrub,52.37,7.8555,gC m-2 y-1,ANPP Shrub (~50%C),ANPP Shrub (~50%C),SPRUCE C Budget Summary 19JAN2025_natalie.xlsx,shrub,14,111,52.37,,,,measured shrub aboveground NPP
US-SPR,T4.50,P13,0,4.5,2022,AGNPP_pftgroup_tree,88.5,13.275,gC m-2 y-1,ANPP Tree (~48%C),ANPP Tree (~48%C),SPRUCE C Budget Summary 19JAN2025_natalie.xlsx,tree,"3,5",88.5,120,,,,measured tree aboveground NPP
US-SPR,T4.50,P13,0,4.5,2022,AGNPP_pftgroup_shrub,120,18,gC m-2 y-1,ANPP Shrub (~50%C),ANPP Shrub (~50%C),SPRUCE C Budget Summary 19JAN2025_natalie.xlsx,shrub,14,88.5,120,,,,measured shrub aboveground NPP
US-SPR,T6.75,P08,0,6.75,2022,AGNPP_pftgroup_tree,97.6,14.64,gC m-2 y-1,ANPP Tree (~48%C),ANPP Tree (~48%C),SPRUCE C Budget Summary 19JAN2025_natalie.xlsx,tree,"3,5",97.6,108.25,,,,measured tree aboveground NPP
US-SPR,T6.75,P08,0,6.75,2022,AGNPP_pftgroup_shrub,108.25,16.2375,gC m-2 y-1,ANPP Shrub (~50%C),ANPP Shrub (~50%C),SPRUCE C Budget Summary 19JAN2025_natalie.xlsx,shrub,14,97.6,108.25,,,,measured shrub aboveground NPP
US-SPR,T9.00,P17,0,9,2022,AGNPP_pftgroup_tree,75.8,11.37,gC m-2 y-1,ANPP Tree (~48%C),ANPP Tree (~48%C),SPRUCE C Budget Summary 19JAN2025_natalie.xlsx,tree,"3,5",75.8,193.23,,,,measured tree aboveground NPP
US-SPR,T9.00,P17,0,9,2022,AGNPP_pftgroup_shrub,193.23,28.9845,gC m-2 y-1,ANPP Shrub (~50%C),ANPP Shrub (~50%C),SPRUCE C Budget Summary 19JAN2025_natalie.xlsx,shrub,14,75.8,193.23,,,,measured shrub aboveground NPP
US-SPR,TAMB,P07,Amb,0,2023,AGNPP_pftgroup_tree,111.2,16.68,gC m-2 y-1,ANPP Tree (~48%C),ANPP Tree (~48%C),SPRUCE C Budget Summary 19JAN2025_natalie.xlsx,tree,"3,5",111.2,74.6,,,,measured tree aboveground NPP
US-SPR,TAMB,P07,Amb,0,2023,AGNPP_pftgroup_shrub,74.6,11.19,gC m-2 y-1,ANPP Shrub (~50%C),ANPP Shrub (~50%C),SPRUCE C Budget Summary 19JAN2025_natalie.xlsx,shrub,14,111.2,74.6,,,,measured shrub aboveground NPP
US-SPR,T0.00,P06,0,0,2023,AGNPP_pftgroup_tree,76.4,11.46,gC m-2 y-1,ANPP Tree (~48%C),ANPP Tree (~48%C),SPRUCE C Budget Summary 19JAN2025_natalie.xlsx,tree,"3,5",76.4,82.7,,,,measured tree aboveground NPP
US-SPR,T0.00,P06,0,0,2023,AGNPP_pftgroup_shrub,82.7,12.405,gC m-2 y-1,ANPP Shrub (~50%C),ANPP Shrub (~50%C),SPRUCE C Budget Summary 19JAN2025_natalie.xlsx,shrub,14,76.4,82.7,,,,measured shrub aboveground NPP
US-SPR,T2.25,P20,0,2.25,2023,AGNPP_pftgroup_tree,149.3,22.395,gC m-2 y-1,ANPP Tree (~48%C),ANPP Tree (~48%C),SPRUCE C Budget Summary 19JAN2025_natalie.xlsx,tree,"3,5",149.3,47,,,,measured tree aboveground NPP
US-SPR,T2.25,P20,0,2.25,2023,AGNPP_pftgroup_shrub,47,7.05,gC m-2 y-1,ANPP Shrub (~50%C),ANPP Shrub (~50%C),SPRUCE C Budget Summary 19JAN2025_natalie.xlsx,shrub,14,149.3,47,,,,measured shrub aboveground NPP
US-SPR,T4.50,P13,0,4.5,2023,AGNPP_pftgroup_tree,119,17.85,gC m-2 y-1,ANPP Tree (~48%C),ANPP Tree (~48%C),SPRUCE C Budget Summary 19JAN2025_natalie.xlsx,tree,"3,5",119,65.1,,,,measured tree aboveground NPP
US-SPR,T4.50,P13,0,4.5,2023,AGNPP_pftgroup_shrub,65.1,9.765,gC m-2 y-1,ANPP Shrub (~50%C),ANPP Shrub (~50%C),SPRUCE C Budget Summary 19JAN2025_natalie.xlsx,shrub,14,119,65.1,,,,measured shrub aboveground NPP
US-SPR,T6.75,P08,0,6.75,2023,AGNPP_pftgroup_tree,173.7,26.055,gC m-2 y-1,ANPP Tree (~48%C),ANPP Tree (~48%C),SPRUCE C Budget Summary 19JAN2025_natalie.xlsx,tree,"3,5",173.7,107.4,,,,measured tree aboveground NPP
US-SPR,T6.75,P08,0,6.75,2023,AGNPP_pftgroup_shrub,107.4,16.11,gC m-2 y-1,ANPP Shrub (~50%C),ANPP Shrub (~50%C),SPRUCE C Budget Summary 19JAN2025_natalie.xlsx,shrub,14,173.7,107.4,,,,measured shrub aboveground NPP
US-SPR,T9.00,P17,0,9,2023,AGNPP_pftgroup_tree,132.5,19.875,gC m-2 y-1,ANPP Tree (~48%C),ANPP Tree (~48%C),SPRUCE C Budget Summary 19JAN2025_natalie.xlsx,tree,"3,5",132.5,148.1,,,,measured tree aboveground NPP
US-SPR,T9.00,P17,0,9,2023,AGNPP_pftgroup_shrub,148.1,22.215,gC m-2 y-1,ANPP Shrub (~50%C),ANPP Shrub (~50%C),SPRUCE C Budget Summary 19JAN2025_natalie.xlsx,shrub,14,132.5,148.1,,,,measured shrub aboveground NPP
